frame,time,detected,target_id,pixel_error,angular_error
0,2.256,1,,,
1,2.351,1,,,
2,2.42,1,,,
3,2.517,1,,,
4,2.573,1,,,
5,2.635,1,,,
6,2.755,1,,,
7,2.806,1,,,
8,2.849,1,,,
9,2.925,1,,,
10,2.975,1,,,
11,3.039,1,,,
12,3.098,1,,,
13,3.162,1,,,
14,3.283,1,,,
15,3.331,1,,,
16,3.406,1,,,
17,3.459,1,,,
18,3.5,1,,,
19,3.583,1,,,
20,3.68,1,1,136.108,10.527
21,3.736,1,1,138.698,10.727
22,3.826,1,1,105.832,8.185
23,3.95,1,1,126.678,9.798
24,4.023,1,1,137.461,10.632
25,4.151,1,1,174.602,13.504
26,4.249,1,1,190.617,14.743
27,4.319,1,1,217.177,16.797
28,4.418,1,1,242.916,18.788
29,4.495,1,1,264.86,20.485
30,4.572,1,1,281.573,21.778
31,4.661,1,1,286.741,22.178
32,4.769,1,1,245.589,18.995
33,4.836,1,1,254.696,19.699
34,4.911,1,1,221.443,17.127
35,4.99,1,1,186.873,14.453
36,5.08,1,1,154.229,11.929
37,5.157,1,1,124.768,9.65
38,5.26,1,1,103.918,8.037
39,5.314,1,1,85.469,6.611
40,5.373,1,1,71.411,5.523
41,5.468,1,1,59.731,4.62
42,5.523,1,1,50.828,3.931
43,5.686,1,1,46.182,3.572
44,5.76,1,1,40.247,3.113
45,5.824,1,1,31.064,2.403
46,5.9,1,1,27.378,2.117
47,5.965,1,1,24.326,1.881
48,6.025,1,1,20.584,1.592
49,6.099,1,1,20.722,1.603
50,6.189,1,1,15.226,1.178
51,6.322,1,1,22.389,1.732
52,6.409,1,1,29.747,2.301
53,6.488,1,1,30.775,2.38
54,6.551,1,1,26.392,2.041
55,6.645,1,1,26.236,2.029
56,6.737,1,1,28.142,2.177
57,6.814,1,1,26.189,2.026
58,6.881,1,1,20.931,1.619
59,6.951,1,1,21.945,1.697
60,7.018,1,1,21.287,1.646
61,7.155,1,1,21.467,1.66
62,7.242,1,1,25.932,2.006
63,7.365,1,1,22.572,1.746
64,7.491,1,1,24.888,1.925
65,7.581,1,1,26.868,2.078
66,7.658,1,1,26.245,2.03
67,7.723,1,1,22.79,1.763
68,7.808,1,1,15.464,1.196
69,7.902,1,1,14.8,1.145
70,7.992,1,1,14.37,1.111
71,8.089,1,1,15.864,1.227
72,8.148,1,1,14.138,1.093
73,8.225,1,1,11.665,0.902
74,8.319,1,1,8.691,0.672
75,8.397,1,1,10.897,0.843
76,8.494,1,1,13.157,1.018
77,8.552,1,1,17.685,1.368
78,8.616,1,1,17.917,1.386
79,8.718,1,1,19.669,1.521
80,8.791,1,1,19.98,1.545
81,8.893,1,1,24.248,1.875
82,8.955,1,1,26.317,2.035
83,9.08,1,1,26.649,2.061
84,9.21,1,1,31.883,2.466
85,9.311,1,1,37.488,2.899
86,9.38,1,1,37.949,2.935
87,9.47,1,1,40.312,3.118
88,9.533,1,1,40.113,3.103
89,9.59,1,1,41.393,3.202
90,9.658,1,1,42.826,3.312
91,9.719,1,1,49.959,3.864
92,9.781,1,1,46.672,3.61
93,9.845,1,1,45.78,3.541
94,9.908,1,1,50.758,3.926
95,9.976,1,1,48.057,3.717
96,10.067,1,1,47.94,3.708
97,10.144,1,1,56.534,4.373
98,10.238,1,1,54.079,4.183
99,10.314,1,1,54.347,4.203
100,10.388,1,1,52.402,4.053
